0.7572515856236786, 0.41019027484143766, 0.2143340380549683, 0.339830866807611, 0.30972515856236793
0.41019027484143766, 0.2143340380549683, 0.339830866807611, 0.30972515856236793, 0.6824947145877378
0.2143340380549683, 0.339830866807611, 0.30972515856236793, 0.6824947145877378, 0.4764904862579281
0.339830866807611, 0.30972515856236793, 0.6824947145877378, 0.4764904862579281, 0.39463002114164913
0.30972515856236793, 0.6824947145877378, 0.4764904862579281, 0.39463002114164913, 0.17915433403805497
0.6824947145877378, 0.4764904862579281, 0.39463002114164913, 0.17915433403805497, 0.2992389006342495
0.4764904862579281, 0.39463002114164913, 0.17915433403805497, 0.2992389006342495, 0.28807610993657506
0.39463002114164913, 0.17915433403805497, 0.2992389006342495, 0.28807610993657506, 0.5691754756871036
0.17915433403805497, 0.2992389006342495, 0.28807610993657506, 0.5691754756871036, 0.5252008456659619
0.2992389006342495, 0.28807610993657506, 0.5691754756871036, 0.5252008456659619, 0.5021987315010571
0.28807610993657506, 0.5691754756871036, 0.5252008456659619, 0.5021987315010571, 0.45484143763213536
0.5691754756871036, 0.5252008456659619, 0.5021987315010571, 0.45484143763213536, 0.26169133192389005
0.5252008456659619, 0.5021987315010571, 0.45484143763213536, 0.26169133192389005, 0.3242706131078224
0.5021987315010571, 0.45484143763213536, 0.26169133192389005, 0.3242706131078224, 0.2556025369978858
0.45484143763213536, 0.26169133192389005, 0.3242706131078224, 0.2556025369978858, 0.38617336152219883
0.26169133192389005, 0.3242706131078224, 0.2556025369978858, 0.38617336152219883, 0.4754756871035941
0.3242706131078224, 0.2556025369978858, 0.38617336152219883, 0.4754756871035941, 0.556321353065539
0.2556025369978858, 0.38617336152219883, 0.4754756871035941, 0.556321353065539, 0.7717970401691332
0.38617336152219883, 0.4754756871035941, 0.556321353065539, 0.7717970401691332, 0.6645665961945031
0.4754756871035941, 0.556321353065539, 0.7717970401691332, 0.6645665961945031, 0.46329809725158566
0.556321353065539, 0.7717970401691332, 0.6645665961945031, 0.46329809725158566, 0.3844820295983087
0.7717970401691332, 0.6645665961945031, 0.46329809725158566, 0.3844820295983087, 0.4436786469344609
0.6645665961945031, 0.46329809725158566, 0.3844820295983087, 0.4436786469344609, 0.4375898520084567
0.46329809725158566, 0.3844820295983087, 0.4436786469344609, 0.4375898520084567, 0.36283298097251593
0.3844820295983087, 0.4436786469344609, 0.4375898520084567, 0.36283298097251593, 0.2779281183932347
0.4436786469344609, 0.4375898520084567, 0.36283298097251593, 0.2779281183932347, 0.33374207188160676
0.4375898520084567, 0.36283298097251593, 0.2779281183932347, 0.33374207188160676, 0.4057928118393235
0.36283298097251593, 0.2779281183932347, 0.33374207188160676, 0.4057928118393235, 0.26067653276955605
0.2779281183932347, 0.33374207188160676, 0.4057928118393235, 0.26067653276955605, 0.30532769556025374
0.33374207188160676, 0.4057928118393235, 0.26067653276955605, 0.30532769556025374, 0.5201268498942918
0.4057928118393235, 0.26067653276955605, 0.30532769556025374, 0.5201268498942918, 0.4839323467230444
0.26067653276955605, 0.30532769556025374, 0.5201268498942918, 0.4839323467230444, 0.48054968287526434
0.30532769556025374, 0.5201268498942918, 0.4839323467230444, 0.48054968287526434, 0.4118816067653277
0.5201268498942918, 0.4839323467230444, 0.48054968287526434, 0.4118816067653277, 0.4822410147991544
0.4839323467230444, 0.48054968287526434, 0.4118816067653277, 0.4822410147991544, 0.5915010570824524
0.48054968287526434, 0.4118816067653277, 0.4822410147991544, 0.5915010570824524, 0.25627906976744186
0.4118816067653277, 0.4822410147991544, 0.5915010570824524, 0.25627906976744186, 0.6205919661733614
0.4822410147991544, 0.5915010570824524, 0.25627906976744186, 0.6205919661733614, 0.32697674418604655
0.5915010570824524, 0.25627906976744186, 0.6205919661733614, 0.32697674418604655, 0.25797040169133195
0.25627906976744186, 0.6205919661733614, 0.32697674418604655, 0.25797040169133195, 0.5485412262156448
0.6205919661733614, 0.32697674418604655, 0.25797040169133195, 0.5485412262156448, 0.5062579281183933
0.32697674418604655, 0.25797040169133195, 0.5485412262156448, 0.5062579281183933, 0.28469344608879493
0.25797040169133195, 0.5485412262156448, 0.5062579281183933, 0.28469344608879493, 0.33272727272727276
0.5485412262156448, 0.5062579281183933, 0.28469344608879493, 0.33272727272727276, 0.31378435517970404
0.5062579281183933, 0.28469344608879493, 0.33272727272727276, 0.31378435517970404, 0.5613953488372093
0.28469344608879493, 0.33272727272727276, 0.31378435517970404, 0.5613953488372093, 0.3577589852008457
0.33272727272727276, 0.31378435517970404, 0.5613953488372093, 0.3577589852008457, 0.32528541226215646
0.31378435517970404, 0.5613953488372093, 0.3577589852008457, 0.32528541226215646, 0.206553911205074
0.5613953488372093, 0.3577589852008457, 0.32528541226215646, 0.206553911205074, 0.2298942917547569
0.3577589852008457, 0.32528541226215646, 0.206553911205074, 0.2298942917547569, 0.34659619450317125
0.32528541226215646, 0.206553911205074, 0.2298942917547569, 0.34659619450317125, 0.313107822410148
0.206553911205074, 0.2298942917547569, 0.34659619450317125, 0.313107822410148, 0.4375898520084567
0.2298942917547569, 0.34659619450317125, 0.313107822410148, 0.4375898520084567, 0.31649048625792814
0.34659619450317125, 0.313107822410148, 0.4375898520084567, 0.31649048625792814, 0.4693868921775899
0.313107822410148, 0.4375898520084567, 0.31649048625792814, 0.4693868921775899, 0.287399577167019
0.4375898520084567, 0.31649048625792814, 0.4693868921775899, 0.287399577167019, 0.34558139534883725
0.31649048625792814, 0.4693868921775899, 0.287399577167019, 0.34558139534883725, 0.5837209302325581
0.4693868921775899, 0.287399577167019, 0.34558139534883725, 0.5837209302325581, 0.25052854122621565
0.287399577167019, 0.34558139534883725, 0.5837209302325581, 0.25052854122621565, 0.3980126849894292
0.34558139534883725, 0.5837209302325581, 0.25052854122621565, 0.3980126849894292, 0.21873150105708247
0.5837209302325581, 0.25052854122621565, 0.3980126849894292, 0.21873150105708247, 0.2752219873150106
0.25052854122621565, 0.3980126849894292, 0.21873150105708247, 0.2752219873150106, 0.392938689217759
0.3980126849894292, 0.21873150105708247, 0.2752219873150106, 0.392938689217759, 0.19268498942917547
0.21873150105708247, 0.2752219873150106, 0.392938689217759, 0.19268498942917547, 0.48765327695560257
0.2752219873150106, 0.392938689217759, 0.19268498942917547, 0.48765327695560257, 0.19268498942917547
0.392938689217759, 0.19268498942917547, 0.48765327695560257, 0.19268498942917547, 0.2167019027484144
0.19268498942917547, 0.48765327695560257, 0.19268498942917547, 0.2167019027484144, 0.3611416490486258
0.48765327695560257, 0.19268498942917547, 0.2167019027484144, 0.3611416490486258, 0.2623678646934461
0.19268498942917547, 0.2167019027484144, 0.3611416490486258, 0.2623678646934461, 0.2674418604651163
0.2167019027484144, 0.3611416490486258, 0.2623678646934461, 0.2674418604651163, 0.36892177589852004
0.3611416490486258, 0.2623678646934461, 0.2674418604651163, 0.36892177589852004, 0.20486257928118393
0.2623678646934461, 0.2674418604651163, 0.36892177589852004, 0.20486257928118393, 0.2556025369978858
0.2674418604651163, 0.36892177589852004, 0.20486257928118393, 0.2556025369978858, 0.2528964059196618
0.36892177589852004, 0.20486257928118393, 0.2556025369978858, 0.2528964059196618, 0.24782241014799156
0.20486257928118393, 0.2556025369978858, 0.2528964059196618, 0.24782241014799156, 0.313107822410148
0.2556025369978858, 0.2528964059196618, 0.24782241014799156, 0.313107822410148, 0.43589852008456664
0.2528964059196618, 0.24782241014799156, 0.313107822410148, 0.43589852008456664, 0.2545877378435518
0.24782241014799156, 0.313107822410148, 0.43589852008456664, 0.2545877378435518, 0.24613107822410152
0.313107822410148, 0.43589852008456664, 0.2545877378435518, 0.24613107822410152, 0.17374207188160679
0.43589852008456664, 0.2545877378435518, 0.24613107822410152, 0.17374207188160679, 0.6111205073995771
0.2545877378435518, 0.24613107822410152, 0.17374207188160679, 0.6111205073995771, 0.26067653276955605
0.24613107822410152, 0.17374207188160679, 0.6111205073995771, 0.26067653276955605, 0.19877378435517973
0.17374207188160679, 0.6111205073995771, 0.26067653276955605, 0.19877378435517973, 0.1909936575052854
0.6111205073995771, 0.26067653276955605, 0.19877378435517973, 0.1909936575052854, 0.2701479915433404
0.26067653276955605, 0.19877378435517973, 0.1909936575052854, 0.2701479915433404, 0.23395348837209304
0.19877378435517973, 0.1909936575052854, 0.2701479915433404, 0.23395348837209304, 0.37839323467230446
0.1909936575052854, 0.2701479915433404, 0.23395348837209304, 0.37839323467230446, 0.19268498942917547
0.2701479915433404, 0.23395348837209304, 0.37839323467230446, 0.19268498942917547, 0.20215644820295986
0.23395348837209304, 0.37839323467230446, 0.19268498942917547, 0.20215644820295986, 0.2143340380549683
0.37839323467230446, 0.19268498942917547, 0.20215644820295986, 0.2143340380549683, 0.29687103594080344
0.19268498942917547, 0.20215644820295986, 0.2143340380549683, 0.29687103594080344, 0.31378435517970404
0.20215644820295986, 0.2143340380549683, 0.29687103594080344, 0.31378435517970404, 0.2752219873150106
0.2143340380549683, 0.29687103594080344, 0.31378435517970404, 0.2752219873150106, 0.32088794926004227
0.29687103594080344, 0.31378435517970404, 0.2752219873150106, 0.32088794926004227, 0.2545877378435518
0.31378435517970404, 0.2752219873150106, 0.32088794926004227, 0.2545877378435518, 0.33813953488372095
0.2752219873150106, 0.32088794926004227, 0.2545877378435518, 0.33813953488372095, 0.285708245243129
0.32088794926004227, 0.2545877378435518, 0.33813953488372095, 0.285708245243129, 0.19978858350951373
0.2545877378435518, 0.33813953488372095, 0.285708245243129, 0.19978858350951373, 0.2143340380549683
0.33813953488372095, 0.285708245243129, 0.19978858350951373, 0.2143340380549683, 0.3611416490486258
0.285708245243129, 0.19978858350951373, 0.2143340380549683, 0.3611416490486258, 0.5038900634249471
0.19978858350951373, 0.2143340380549683, 0.3611416490486258, 0.5038900634249471, 0.26067653276955605
0.2143340380549683, 0.3611416490486258, 0.5038900634249471, 0.26067653276955605, 0.18761099365750528
0.3611416490486258, 0.5038900634249471, 0.26067653276955605, 0.18761099365750528, 0.6395348837209303
0.5038900634249471, 0.26067653276955605, 0.18761099365750528, 0.6395348837209303, 0.32528541226215646
0.26067653276955605, 0.18761099365750528, 0.6395348837209303, 0.32528541226215646, 0.1608879492600423
0.18761099365750528, 0.6395348837209303, 0.32528541226215646, 0.1608879492600423, 0.32697674418604655
0.6395348837209303, 0.32528541226215646, 0.1608879492600423, 0.32697674418604655, 0.32257928118393236
0.32528541226215646, 0.1608879492600423, 0.32697674418604655, 0.32257928118393236, 0.16257928118393233
0.1608879492600423, 0.32697674418604655, 0.32257928118393236, 0.16257928118393233, 0.1747568710359408
0.32697674418604655, 0.32257928118393236, 0.16257928118393233, 0.1747568710359408, 0.3215644820295983
0.32257928118393236, 0.16257928118393233, 0.1747568710359408, 0.3215644820295983, 0.4531501057082453
0.16257928118393233, 0.1747568710359408, 0.3215644820295983, 0.4531501057082453, 0.18084566596194504
0.1747568710359408, 0.3215644820295983, 0.4531501057082453, 0.18084566596194504, 0.40410147991543344
0.3215644820295983, 0.4531501057082453, 0.18084566596194504, 0.40410147991543344, 0.6276955602536998
0.4531501057082453, 0.18084566596194504, 0.40410147991543344, 0.6276955602536998, 0.4057928118393235
0.18084566596194504, 0.40410147991543344, 0.6276955602536998, 0.4057928118393235, 0.2349682875264271
0.40410147991543344, 0.6276955602536998, 0.4057928118393235, 0.2349682875264271, 0.3587737843551797
0.6276955602536998, 0.4057928118393235, 0.2349682875264271, 0.3587737843551797, 0.21331923890063426
0.4057928118393235, 0.2349682875264271, 0.3587737843551797, 0.21331923890063426, 0.4352219873150106
0.2349682875264271, 0.3587737843551797, 0.21331923890063426, 0.4352219873150106, 0.3767019027484144
0.3587737843551797, 0.21331923890063426, 0.4352219873150106, 0.3767019027484144, 0.7660465116279069
0.21331923890063426, 0.4352219873150106, 0.3767019027484144, 0.7660465116279069, 0.37399577167019027
0.4352219873150106, 0.3767019027484144, 0.7660465116279069, 0.37399577167019027, 0.32765327695560253
0.3767019027484144, 0.7660465116279069, 0.37399577167019027, 0.32765327695560253, 0.32866807610993665
0.7660465116279069, 0.37399577167019027, 0.32765327695560253, 0.32866807610993665, 0.24511627906976746
0.37399577167019027, 0.32765327695560253, 0.32866807610993665, 0.24511627906976746, 0.14126849894291754
0.32765327695560253, 0.32866807610993665, 0.24511627906976746, 0.14126849894291754, 0.5864270613107821
0.32866807610993665, 0.24511627906976746, 0.14126849894291754, 0.5864270613107821, 0.313107822410148
0.24511627906976746, 0.14126849894291754, 0.5864270613107821, 0.313107822410148, 0.553615221987315
0.14126849894291754, 0.5864270613107821, 0.313107822410148, 0.553615221987315, 0.6361522198731502
0.5864270613107821, 0.313107822410148, 0.553615221987315, 0.6361522198731502, 0.31649048625792814
0.313107822410148, 0.553615221987315, 0.6361522198731502, 0.31649048625792814, 0.4152642706131079
0.553615221987315, 0.6361522198731502, 0.31649048625792814, 0.4152642706131079, 0.2728541226215645
0.6361522198731502, 0.31649048625792814, 0.4152642706131079, 0.2728541226215645, 0.3543763213530656
0.31649048625792814, 0.4152642706131079, 0.2728541226215645, 0.3543763213530656, 0.14566596194503173
0.4152642706131079, 0.2728541226215645, 0.3543763213530656, 0.14566596194503173, 0.27353065539112054
0.2728541226215645, 0.3543763213530656, 0.14566596194503173, 0.27353065539112054, 0.3405073995771671
0.3543763213530656, 0.14566596194503173, 0.27353065539112054, 0.3405073995771671, 0.6774207188160676
0.14566596194503173, 0.27353065539112054, 0.3405073995771671, 0.6774207188160676, 0.6145031712473573
0.27353065539112054, 0.3405073995771671, 0.6774207188160676, 0.6145031712473573, 0.34558139534883725
0.3405073995771671, 0.6774207188160676, 0.6145031712473573, 0.34558139534883725, 0.420338266384778
0.6774207188160676, 0.6145031712473573, 0.34558139534883725, 0.420338266384778, 0.3767019027484144
0.6145031712473573, 0.34558139534883725, 0.420338266384778, 0.3767019027484144, 0.5597040169133192
0.34558139534883725, 0.420338266384778, 0.3767019027484144, 0.5597040169133192, 0.16528541226215646
0.420338266384778, 0.3767019027484144, 0.5597040169133192, 0.16528541226215646, 0.4257505285412262
0.3767019027484144, 0.5597040169133192, 0.16528541226215646, 0.4257505285412262, 0.3104016913319239
0.5597040169133192, 0.16528541226215646, 0.4257505285412262, 0.3104016913319239, 0.49949260042283306
0.16528541226215646, 0.4257505285412262, 0.3104016913319239, 0.49949260042283306, 0.1345031712473573
0.4257505285412262, 0.3104016913319239, 0.49949260042283306, 0.1345031712473573, 0.2633826638477802
0.3104016913319239, 0.49949260042283306, 0.1345031712473573, 0.2633826638477802, 0.2539112050739958
0.49949260042283306, 0.1345031712473573, 0.2633826638477802, 0.2539112050739958, 0.40511627906976744
0.1345031712473573, 0.2633826638477802, 0.2539112050739958, 0.40511627906976744, 0.38279069767441865
0.2633826638477802, 0.2539112050739958, 0.40511627906976744, 0.38279069767441865, 0.5417758985200846
0.2539112050739958, 0.40511627906976744, 0.38279069767441865, 0.5417758985200846, 0.4764904862579281
0.40511627906976744, 0.38279069767441865, 0.5417758985200846, 0.4764904862579281, 0.5157293868921776
0.38279069767441865, 0.5417758985200846, 0.4764904862579281, 0.5157293868921776, 0.30093023255813955
0.5417758985200846, 0.4764904862579281, 0.5157293868921776, 0.30093023255813955, 0.5339957716701903
0.4764904862579281, 0.5157293868921776, 0.30093023255813955, 0.5339957716701903, 0.43251585623678646
0.5157293868921776, 0.30093023255813955, 0.5339957716701903, 0.43251585623678646, 0.206553911205074
0.30093023255813955, 0.5339957716701903, 0.43251585623678646, 0.206553911205074, 0.3104016913319239
0.5339957716701903, 0.43251585623678646, 0.206553911205074, 0.3104016913319239, 0.2194080338266385
0.43251585623678646, 0.206553911205074, 0.3104016913319239, 0.2194080338266385, 0.7985200845665962
0.206553911205074, 0.3104016913319239, 0.2194080338266385, 0.7985200845665962, 0.4670190274841438
0.3104016913319239, 0.2194080338266385, 0.7985200845665962, 0.4670190274841438, 0.3310359408033826
0.2194080338266385, 0.7985200845665962, 0.4670190274841438, 0.3310359408033826, 0.5011839323467231
0.7985200845665962, 0.4670190274841438, 0.3310359408033826, 0.5011839323467231, 0.2305708245243129
0.4670190274841438, 0.3310359408033826, 0.5011839323467231, 0.2305708245243129, 0.5082875264270613
0.3310359408033826, 0.5011839323467231, 0.2305708245243129, 0.5082875264270613, 0.5681606765327695
0.5011839323467231, 0.2305708245243129, 0.5082875264270613, 0.5681606765327695, 0.3716279069767442
0.2305708245243129, 0.5082875264270613, 0.5681606765327695, 0.3716279069767442, 0.5569978858350951
0.5082875264270613, 0.5681606765327695, 0.3716279069767442, 0.5569978858350951, 0.16697674418604652
0.5681606765327695, 0.3716279069767442, 0.5569978858350951, 0.16697674418604652, 0.30194503171247355
0.3716279069767442, 0.5569978858350951, 0.16697674418604652, 0.30194503171247355, 0.339830866807611
0.5569978858350951, 0.16697674418604652, 0.30194503171247355, 0.339830866807611, 0.23665961945031716
0.16697674418604652, 0.30194503171247355, 0.339830866807611, 0.23665961945031716, 0.2528964059196618
0.30194503171247355, 0.339830866807611, 0.23665961945031716, 0.2528964059196618, 0.606046511627907
0.339830866807611, 0.23665961945031716, 0.2528964059196618, 0.606046511627907, 0.38177589852008464
0.23665961945031716, 0.2528964059196618, 0.606046511627907, 0.38177589852008464, 0.3516701902748415
0.2528964059196618, 0.606046511627907, 0.38177589852008464, 0.3516701902748415, 0.8715856236786469
0.606046511627907, 0.38177589852008464, 0.3516701902748415, 0.8715856236786469, 0.27454545454545454
0.38177589852008464, 0.3516701902748415, 0.8715856236786469, 0.27454545454545454, 0.41966173361522197
0.3516701902748415, 0.8715856236786469, 0.27454545454545454, 0.41966173361522197, 0.3046511627906977
0.8715856236786469, 0.27454545454545454, 0.41966173361522197, 0.3046511627906977, 0.17915433403805497
0.27454545454545454, 0.41966173361522197, 0.3046511627906977, 0.17915433403805497, 0.366215644820296
0.41966173361522197, 0.3046511627906977, 0.17915433403805497, 0.366215644820296, 0.2975475687103595
0.3046511627906977, 0.17915433403805497, 0.366215644820296, 0.2975475687103595, 0.37737843551797046
0.17915433403805497, 0.366215644820296, 0.2975475687103595, 0.37737843551797046, 0.21501057082452432
0.366215644820296, 0.2975475687103595, 0.37737843551797046, 0.21501057082452432, 0.5847357293868921
0.2975475687103595, 0.37737843551797046, 0.21501057082452432, 0.5847357293868921, 0.41966173361522197
0.37737843551797046, 0.21501057082452432, 0.5847357293868921, 0.41966173361522197, 0.43353065539112057
0.21501057082452432, 0.5847357293868921, 0.41966173361522197, 0.43353065539112057, 0.5167441860465116
0.5847357293868921, 0.41966173361522197, 0.43353065539112057, 0.5167441860465116, 0.37501057082452427
0.41966173361522197, 0.43353065539112057, 0.5167441860465116, 0.37501057082452427, 0.30532769556025374
0.43353065539112057, 0.5167441860465116, 0.37501057082452427, 0.30532769556025374, 0.23395348837209304
0.5167441860465116, 0.37501057082452427, 0.30532769556025374, 0.23395348837209304, 0.41966173361522197
0.37501057082452427, 0.30532769556025374, 0.23395348837209304, 0.41966173361522197, 0.18693446088794927
0.30532769556025374, 0.23395348837209304, 0.41966173361522197, 0.18693446088794927, 0.22786469344608884
0.23395348837209304, 0.41966173361522197, 0.18693446088794927, 0.22786469344608884, 0.3320507399577167
0.41966173361522197, 0.18693446088794927, 0.22786469344608884, 0.3320507399577167, 0.3973361522198732
0.18693446088794927, 0.22786469344608884, 0.3320507399577167, 0.3973361522198732, 0.36892177589852004
0.22786469344608884, 0.3320507399577167, 0.3973361522198732, 0.36892177589852004, 0.3499788583509514
0.3320507399577167, 0.3973361522198732, 0.36892177589852004, 0.3499788583509514, 0.4298097251585624
0.3973361522198732, 0.36892177589852004, 0.3499788583509514, 0.4298097251585624, 0.5140380549682876
0.36892177589852004, 0.3499788583509514, 0.4298097251585624, 0.5140380549682876, 0.37737843551797046
0.3499788583509514, 0.4298097251585624, 0.5140380549682876, 0.37737843551797046, 0.2802959830866808
0.4298097251585624, 0.5140380549682876, 0.37737843551797046, 0.2802959830866808, 0.19978858350951373
0.5140380549682876, 0.37737843551797046, 0.2802959830866808, 0.19978858350951373, 0.26913319238900635
0.37737843551797046, 0.2802959830866808, 0.19978858350951373, 0.26913319238900635, 0.6128118393234672
0.2802959830866808, 0.19978858350951373, 0.26913319238900635, 0.6128118393234672, 0.5492177589852009
0.19978858350951373, 0.26913319238900635, 0.6128118393234672, 0.5492177589852009, 0.3070190274841438
0.26913319238900635, 0.6128118393234672, 0.5492177589852009, 0.3070190274841438, 0.22109936575052858
0.6128118393234672, 0.5492177589852009, 0.3070190274841438, 0.22109936575052858, 0.2958562367864694
0.5492177589852009, 0.3070190274841438, 0.22109936575052858, 0.2958562367864694, 0.4446934460887949
0.3070190274841438, 0.22109936575052858, 0.2958562367864694, 0.4446934460887949, 0.32697674418604655
0.22109936575052858, 0.2958562367864694, 0.4446934460887949, 0.32697674418604655, 0.18321353065539112
0.2958562367864694, 0.4446934460887949, 0.32697674418604655, 0.18321353065539112, 0.16021141649048626
0.4446934460887949, 0.32697674418604655, 0.18321353065539112, 0.16021141649048626, 0.31581395348837205
0.32697674418604655, 0.18321353065539112, 0.16021141649048626, 0.31581395348837205, 0.3493023255813954
0.18321353065539112, 0.16021141649048626, 0.31581395348837205, 0.3493023255813954, 0.31378435517970404
0.16021141649048626, 0.31581395348837205, 0.3493023255813954, 0.31378435517970404, 0.2400422832980973
0.31581395348837205, 0.3493023255813954, 0.31378435517970404, 0.2400422832980973, 0.4599154334038055
0.3493023255813954, 0.31378435517970404, 0.2400422832980973, 0.4599154334038055, 0.1290909090909091
0.31378435517970404, 0.2400422832980973, 0.4599154334038055, 0.1290909090909091, 0.4575475687103594
0.2400422832980973, 0.4599154334038055, 0.1290909090909091, 0.4575475687103594, 0.4247357293868922
0.4599154334038055, 0.1290909090909091, 0.4575475687103594, 0.4247357293868922, 0.37737843551797046
0.1290909090909091, 0.4575475687103594, 0.4247357293868922, 0.37737843551797046, 0.286384778012685
0.4575475687103594, 0.4247357293868922, 0.37737843551797046, 0.286384778012685, 0.6317547568710359
0.4247357293868922, 0.37737843551797046, 0.286384778012685, 0.6317547568710359, 0.3905708245243129
0.37737843551797046, 0.286384778012685, 0.6317547568710359, 0.3905708245243129, 0.5725581395348838
0.286384778012685, 0.6317547568710359, 0.3905708245243129, 0.5725581395348838, 0.2143340380549683
0.6317547568710359, 0.3905708245243129, 0.5725581395348838, 0.2143340380549683, 0.26169133192389005
0.3905708245243129, 0.5725581395348838, 0.2143340380549683, 0.26169133192389005, 0.24274841437632136
0.5725581395348838, 0.2143340380549683, 0.26169133192389005, 0.24274841437632136, 0.1558139534883721
0.2143340380549683, 0.26169133192389005, 0.24274841437632136, 0.1558139534883721, 0.40173361522198736
0.26169133192389005, 0.24274841437632136, 0.1558139534883721, 0.40173361522198736, 0.39463002114164913
0.24274841437632136, 0.1558139534883721, 0.40173361522198736, 0.39463002114164913, 0.5295983086680762
0.1558139534883721, 0.40173361522198736, 0.39463002114164913, 0.5295983086680762, 0.522832980972516
0.40173361522198736, 0.39463002114164913, 0.5295983086680762, 0.522832980972516, 0.4832558139534884
0.39463002114164913, 0.5295983086680762, 0.522832980972516, 0.4832558139534884, 0.3611416490486258
0.5295983086680762, 0.522832980972516, 0.4832558139534884, 0.3611416490486258, 0.4788583509513742
0.522832980972516, 0.4832558139534884, 0.3611416490486258, 0.4788583509513742, 0.24680761099365756
0.4832558139534884, 0.3611416490486258, 0.4788583509513742, 0.24680761099365756, 0.22380549682875264
0.3611416490486258, 0.4788583509513742, 0.24680761099365756, 0.22380549682875264, 0.4599154334038055
0.4788583509513742, 0.24680761099365756, 0.22380549682875264, 0.4599154334038055, 0.2975475687103595
0.24680761099365756, 0.22380549682875264, 0.4599154334038055, 0.2975475687103595, 0.46769556025369985
0.22380549682875264, 0.4599154334038055, 0.2975475687103595, 0.46769556025369985, 0.4934038054968287
0.4599154334038055, 0.2975475687103595, 0.46769556025369985, 0.4934038054968287, 0.33374207188160676
0.2975475687103595, 0.46769556025369985, 0.4934038054968287, 0.33374207188160676, 0.5133615221987315
0.46769556025369985, 0.4934038054968287, 0.33374207188160676, 0.5133615221987315, 0.4470613107822411
0.4934038054968287, 0.33374207188160676, 0.5133615221987315, 0.4470613107822411, 0.4074841437632136
0.33374207188160676, 0.5133615221987315, 0.4470613107822411, 0.4074841437632136, 0.4291331923890064
0.5133615221987315, 0.4470613107822411, 0.4074841437632136, 0.4291331923890064, 0.31581395348837205
0.4470613107822411, 0.4074841437632136, 0.4291331923890064, 0.31581395348837205, 0.3104016913319239
0.4074841437632136, 0.4291331923890064, 0.31581395348837205, 0.3104016913319239, 0.17577167019027484
0.4291331923890064, 0.31581395348837205, 0.3104016913319239, 0.17577167019027484, 0.25627906976744186
0.31581395348837205, 0.3104016913319239, 0.17577167019027484, 0.25627906976744186, 0.37399577167019027
0.3104016913319239, 0.17577167019027484, 0.25627906976744186, 0.37399577167019027, 0.22617336152219877
0.17577167019027484, 0.25627906976744186, 0.37399577167019027, 0.22617336152219877, 0.44029598308668083
0.25627906976744186, 0.37399577167019027, 0.22617336152219877, 0.44029598308668083, 0.2194080338266385
0.37399577167019027, 0.22617336152219877, 0.44029598308668083, 0.2194080338266385, 0.5194503171247358
0.22617336152219877, 0.44029598308668083, 0.2194080338266385, 0.5194503171247358, 0.6980549682875263
0.44029598308668083, 0.2194080338266385, 0.5194503171247358, 0.6980549682875263, 0.4978012684989429
0.2194080338266385, 0.5194503171247358, 0.6980549682875263, 0.4978012684989429, 0.5268921775898521
0.5194503171247358, 0.6980549682875263, 0.4978012684989429, 0.5268921775898521, 0.420338266384778
0.6980549682875263, 0.4978012684989429, 0.5268921775898521, 0.420338266384778, 0.22279069767441861
0.4978012684989429, 0.5268921775898521, 0.420338266384778, 0.22279069767441861, 0.22549682875264274
0.5268921775898521, 0.420338266384778, 0.22279069767441861, 0.22549682875264274, 0.37839323467230446
0.420338266384778, 0.22279069767441861, 0.22549682875264274, 0.37839323467230446, 0.2271881606765328
0.22279069767441861, 0.22549682875264274, 0.37839323467230446, 0.2271881606765328, 0.6388583509513741
0.22549682875264274, 0.37839323467230446, 0.2271881606765328, 0.6388583509513741, 0.3070190274841438
0.37839323467230446, 0.2271881606765328, 0.6388583509513741, 0.3070190274841438, 0.39970401691331925
0.2271881606765328, 0.6388583509513741, 0.3070190274841438, 0.39970401691331925, 0.23395348837209304
0.6388583509513741, 0.3070190274841438, 0.39970401691331925, 0.23395348837209304, 0.4152642706131079
0.3070190274841438, 0.39970401691331925, 0.23395348837209304, 0.4152642706131079, 0.47716701902748415
0.39970401691331925, 0.23395348837209304, 0.4152642706131079, 0.47716701902748415, 0.258985200845666
0.23395348837209304, 0.4152642706131079, 0.47716701902748415, 0.258985200845666, 0.38279069767441865
0.4152642706131079, 0.47716701902748415, 0.258985200845666, 0.38279069767441865, 0.22211416490486258
0.47716701902748415, 0.258985200845666, 0.38279069767441865, 0.22211416490486258, 0.32257928118393236
0.258985200845666, 0.38279069767441865, 0.22211416490486258, 0.32257928118393236, 0.2539112050739958
0.38279069767441865, 0.22211416490486258, 0.32257928118393236, 0.2539112050739958, 0.21264270613107825
0.22211416490486258, 0.32257928118393236, 0.2539112050739958, 0.21264270613107825, 0.24680761099365756
0.32257928118393236, 0.2539112050739958, 0.21264270613107825, 0.24680761099365756, 0.24782241014799156
0.2539112050739958, 0.21264270613107825, 0.24680761099365756, 0.24782241014799156, 0.2728541226215645
0.21264270613107825, 0.24680761099365756, 0.24782241014799156, 0.2728541226215645, 0.40511627906976744
0.24680761099365756, 0.24782241014799156, 0.2728541226215645, 0.40511627906976744, 0.3449048625792812
0.24782241014799156, 0.2728541226215645, 0.40511627906976744, 0.3449048625792812, 0.30093023255813955
0.2728541226215645, 0.40511627906976744, 0.3449048625792812, 0.30093023255813955, 0.40511627906976744
0.40511627906976744, 0.3449048625792812, 0.30093023255813955, 0.40511627906976744, 0.3080338266384778
0.3449048625792812, 0.30093023255813955, 0.40511627906976744, 0.3080338266384778, 0.1
0.30093023255813955, 0.40511627906976744, 0.3080338266384778, 0.1, 0.524524312896406
0.40511627906976744, 0.3080338266384778, 0.1, 0.524524312896406, 0.3895560253699789
0.3080338266384778, 0.1, 0.524524312896406, 0.3895560253699789, 0.30634249471458774
0.1, 0.524524312896406, 0.3895560253699789, 0.30634249471458774, 0.3181818181818182
0.524524312896406, 0.3895560253699789, 0.30634249471458774, 0.3181818181818182, 0.22380549682875264
0.3895560253699789, 0.30634249471458774, 0.3181818181818182, 0.22380549682875264, 0.4179704016913319
0.30634249471458774, 0.3181818181818182, 0.22380549682875264, 0.4179704016913319, 0.3293446088794926
0.3181818181818182, 0.22380549682875264, 0.4179704016913319, 0.3293446088794926, 0.46431289640591966
0.22380549682875264, 0.4179704016913319, 0.3293446088794926, 0.46431289640591966, 0.27454545454545454
0.4179704016913319, 0.3293446088794926, 0.46431289640591966, 0.27454545454545454, 0.4118816067653277
0.3293446088794926, 0.46431289640591966, 0.27454545454545454, 0.4118816067653277, 0.3516701902748415
0.46431289640591966, 0.27454545454545454, 0.4118816067653277, 0.3516701902748415, 0.42642706131078223
0.27454545454545454, 0.4118816067653277, 0.3516701902748415, 0.42642706131078223, 0.20486257928118393
0.4118816067653277, 0.3516701902748415, 0.42642706131078223, 0.20486257928118393, 0.28232558139534886
0.3516701902748415, 0.42642706131078223, 0.20486257928118393, 0.28232558139534886, 0.4118816067653277
0.42642706131078223, 0.20486257928118393, 0.28232558139534886, 0.4118816067653277, 0.23226215644820297
0.20486257928118393, 0.28232558139534886, 0.4118816067653277, 0.23226215644820297, 0.35099365750528544
0.28232558139534886, 0.4118816067653277, 0.23226215644820297, 0.35099365750528544, 0.3344186046511628
0.4118816067653277, 0.23226215644820297, 0.35099365750528544, 0.3344186046511628, 0.5898097251585623
0.23226215644820297, 0.35099365750528544, 0.3344186046511628, 0.5898097251585623, 0.43353065539112057
0.35099365750528544, 0.3344186046511628, 0.5898097251585623, 0.43353065539112057, 0.3175052854122622
0.3344186046511628, 0.5898097251585623, 0.43353065539112057, 0.3175052854122622, 0.6412262156448203
0.5898097251585623, 0.43353065539112057, 0.3175052854122622, 0.6412262156448203, 0.2802959830866808
0.43353065539112057, 0.3175052854122622, 0.6412262156448203, 0.2802959830866808, 0.4342071881606765
0.3175052854122622, 0.6412262156448203, 0.2802959830866808, 0.4342071881606765, 0.14972515856236787
0.6412262156448203, 0.2802959830866808, 0.4342071881606765, 0.14972515856236787, 0.31919661733615223
0.2802959830866808, 0.4342071881606765, 0.14972515856236787, 0.31919661733615223, 0.2813107822410148
0.4342071881606765, 0.14972515856236787, 0.31919661733615223, 0.2813107822410148, 0.23395348837209304
0.14972515856236787, 0.31919661733615223, 0.2813107822410148, 0.23395348837209304, 0.578646934460888
0.31919661733615223, 0.2813107822410148, 0.23395348837209304, 0.578646934460888, 0.16630021141649048
0.2813107822410148, 0.23395348837209304, 0.578646934460888, 0.16630021141649048, 0.3587737843551797
0.23395348837209304, 0.578646934460888, 0.16630021141649048, 0.3587737843551797, 0.4480761099365751
0.578646934460888, 0.16630021141649048, 0.3587737843551797, 0.4480761099365751, 0.28300211416490484
0.16630021141649048, 0.3587737843551797, 0.4480761099365751, 0.28300211416490484, 0.4128964059196617
0.3587737843551797, 0.4480761099365751, 0.28300211416490484, 0.4128964059196617, 0.42642706131078223
0.4480761099365751, 0.28300211416490484, 0.4128964059196617, 0.42642706131078223, 0.15750528541226216
0.28300211416490484, 0.4128964059196617, 0.42642706131078223, 0.15750528541226216, 0.366215644820296
0.4128964059196617, 0.42642706131078223, 0.15750528541226216, 0.366215644820296, 0.19268498942917547
0.42642706131078223, 0.15750528541226216, 0.366215644820296, 0.19268498942917547, 0.3070190274841438
0.15750528541226216, 0.366215644820296, 0.19268498942917547, 0.3070190274841438, 0.339830866807611
0.366215644820296, 0.19268498942917547, 0.3070190274841438, 0.339830866807611, 0.3087103594080338
0.19268498942917547, 0.3070190274841438, 0.339830866807611, 0.3087103594080338, 0.32765327695560253
0.3070190274841438, 0.339830866807611, 0.3087103594080338, 0.32765327695560253, 0.25627906976744186
0.339830866807611, 0.3087103594080338, 0.32765327695560253, 0.25627906976744186, 0.5871035940803383
0.3087103594080338, 0.32765327695560253, 0.25627906976744186, 0.5871035940803383, 0.30972515856236793
0.32765327695560253, 0.25627906976744186, 0.5871035940803383, 0.30972515856236793, 0.1378858350951374
0.25627906976744186, 0.5871035940803383, 0.30972515856236793, 0.1378858350951374, 0.3963213530655392
0.5871035940803383, 0.30972515856236793, 0.1378858350951374, 0.3963213530655392, 0.3587737843551797
0.30972515856236793, 0.1378858350951374, 0.3963213530655392, 0.3587737843551797, 0.3851585623678647
0.1378858350951374, 0.3963213530655392, 0.3587737843551797, 0.3851585623678647, 0.41120507399577166
0.3963213530655392, 0.3587737843551797, 0.3851585623678647, 0.41120507399577166, 0.31919661733615223
0.3587737843551797, 0.3851585623678647, 0.41120507399577166, 0.31919661733615223, 0.19268498942917547
0.3851585623678647, 0.41120507399577166, 0.31919661733615223, 0.19268498942917547, 0.2484989429175476
0.41120507399577166, 0.31919661733615223, 0.19268498942917547, 0.2484989429175476, 0.27454545454545454
0.31919661733615223, 0.19268498942917547, 0.2484989429175476, 0.27454545454545454, 0.4169556025369979
0.19268498942917547, 0.2484989429175476, 0.27454545454545454, 0.4169556025369979, 0.2484989429175476
0.2484989429175476, 0.27454545454545454, 0.4169556025369979, 0.2484989429175476, 0.31649048625792814
0.27454545454545454, 0.4169556025369979, 0.2484989429175476, 0.31649048625792814, 0.2298942917547569
0.4169556025369979, 0.2484989429175476, 0.31649048625792814, 0.2298942917547569, 0.30972515856236793
0.2484989429175476, 0.31649048625792814, 0.2298942917547569, 0.30972515856236793, 0.20756871035940805
0.31649048625792814, 0.2298942917547569, 0.30972515856236793, 0.20756871035940805, 0.41458773784355185
0.2298942917547569, 0.30972515856236793, 0.20756871035940805, 0.41458773784355185, 0.5072727272727273
0.30972515856236793, 0.20756871035940805, 0.41458773784355185, 0.5072727272727273, 0.24511627906976746
0.20756871035940805, 0.41458773784355185, 0.5072727272727273, 0.24511627906976746, 0.2958562367864694
0.41458773784355185, 0.5072727272727273, 0.24511627906976746, 0.2958562367864694, 0.32325581395348835
0.5072727272727273, 0.24511627906976746, 0.2958562367864694, 0.32325581395348835, 0.2708245243128964
0.24511627906976746, 0.2958562367864694, 0.32325581395348835, 0.2708245243128964, 0.4308245243128964
0.2958562367864694, 0.32325581395348835, 0.2708245243128964, 0.4308245243128964, 0.4213530655391121
0.32325581395348835, 0.2708245243128964, 0.4308245243128964, 0.4213530655391121, 0.32866807610993665
0.2708245243128964, 0.4308245243128964, 0.4213530655391121, 0.32866807610993665, 0.3421987315010571
0.4308245243128964, 0.4213530655391121, 0.32866807610993665, 0.3421987315010571, 0.36553911205073997
0.4213530655391121, 0.32866807610993665, 0.3421987315010571, 0.36553911205073997, 0.22786469344608884
0.32866807610993665, 0.3421987315010571, 0.36553911205073997, 0.22786469344608884, 0.7247780126849894
0.3421987315010571, 0.36553911205073997, 0.22786469344608884, 0.7247780126849894, 0.25221987315010574
0.36553911205073997, 0.22786469344608884, 0.7247780126849894, 0.25221987315010574, 0.4704016913319239
0.22786469344608884, 0.7247780126849894, 0.25221987315010574, 0.4704016913319239, 0.21873150105708247
0.7247780126849894, 0.25221987315010574, 0.4704016913319239, 0.21873150105708247, 0.43353065539112057
0.25221987315010574, 0.4704016913319239, 0.21873150105708247, 0.43353065539112057, 0.23665961945031716
0.4704016913319239, 0.21873150105708247, 0.43353065539112057, 0.23665961945031716, 0.34558139534883725
0.21873150105708247, 0.43353065539112057, 0.23665961945031716, 0.34558139534883725, 0.3364482029598309
0.43353065539112057, 0.23665961945031716, 0.34558139534883725, 0.3364482029598309, 0.42811839323467227
0.23665961945031716, 0.34558139534883725, 0.3364482029598309, 0.42811839323467227, 0.2752219873150106
0.34558139534883725, 0.3364482029598309, 0.42811839323467227, 0.2752219873150106, 0.26913319238900635
0.3364482029598309, 0.42811839323467227, 0.2752219873150106, 0.26913319238900635, 0.21771670190274844
0.42811839323467227, 0.2752219873150106, 0.26913319238900635, 0.21771670190274844, 0.36892177589852004
0.2752219873150106, 0.26913319238900635, 0.21771670190274844, 0.36892177589852004, 0.3449048625792812
0.26913319238900635, 0.21771670190274844, 0.36892177589852004, 0.3449048625792812, 0.22380549682875264
0.21771670190274844, 0.36892177589852004, 0.3449048625792812, 0.22380549682875264, 0.4883298097251586
0.36892177589852004, 0.3449048625792812, 0.22380549682875264, 0.4883298097251586, 0.37501057082452427
0.3449048625792812, 0.22380549682875264, 0.4883298097251586, 0.37501057082452427, 0.26067653276955605
0.22380549682875264, 0.4883298097251586, 0.37501057082452427, 0.26067653276955605, 0.287399577167019
0.4883298097251586, 0.37501057082452427, 0.26067653276955605, 0.287399577167019, 0.3516701902748415
0.37501057082452427, 0.26067653276955605, 0.287399577167019, 0.3516701902748415, 0.2484989429175476
0.26067653276955605, 0.287399577167019, 0.3516701902748415, 0.2484989429175476, 0.3181818181818182
0.287399577167019, 0.3516701902748415, 0.2484989429175476, 0.3181818181818182, 0.27353065539112054
0.3516701902748415, 0.2484989429175476, 0.3181818181818182, 0.27353065539112054, 0.4308245243128964
0.2484989429175476, 0.3181818181818182, 0.27353065539112054, 0.4308245243128964, 0.19640591966173362
0.3181818181818182, 0.27353065539112054, 0.4308245243128964, 0.19640591966173362, 0.3310359408033826
0.27353065539112054, 0.4308245243128964, 0.19640591966173362, 0.3310359408033826, 0.3449048625792812
0.4308245243128964, 0.19640591966173362, 0.3310359408033826, 0.3449048625792812, 0.41966173361522197
0.19640591966173362, 0.3310359408033826, 0.3449048625792812, 0.41966173361522197, 0.37737843551797046
0.3310359408033826, 0.3449048625792812, 0.41966173361522197, 0.37737843551797046, 0.44097251585623676
0.3449048625792812, 0.41966173361522197, 0.37737843551797046, 0.44097251585623676, 0.34828752642706134
0.41966173361522197, 0.37737843551797046, 0.44097251585623676, 0.34828752642706134, 0.2667653276955603
0.37737843551797046, 0.44097251585623676, 0.34828752642706134, 0.2667653276955603, 0.6388583509513741
0.44097251585623676, 0.34828752642706134, 0.2667653276955603, 0.6388583509513741, 0.46329809725158566
0.34828752642706134, 0.2667653276955603, 0.6388583509513741, 0.46329809725158566, 0.45044397463002117
0.2667653276955603, 0.6388583509513741, 0.46329809725158566, 0.45044397463002117, 0.19708245243128963
0.6388583509513741, 0.46329809725158566, 0.45044397463002117, 0.19708245243128963, 0.25627906976744186
0.46329809725158566, 0.45044397463002117, 0.19708245243128963, 0.25627906976744186, 0.19437632135306554
0.45044397463002117, 0.19708245243128963, 0.25627906976744186, 0.19437632135306554, 0.26913319238900635
0.19708245243128963, 0.25627906976744186, 0.19437632135306554, 0.26913319238900635, 0.37940803382663857
0.25627906976744186, 0.19437632135306554, 0.26913319238900635, 0.37940803382663857, 0.27623678646934463
0.19437632135306554, 0.26913319238900635, 0.37940803382663857, 0.27623678646934463, 0.30532769556025374
0.26913319238900635, 0.37940803382663857, 0.27623678646934463, 0.30532769556025374, 0.37331923890063423
0.37940803382663857, 0.27623678646934463, 0.30532769556025374, 0.37331923890063423, 0.26913319238900635
0.27623678646934463, 0.30532769556025374, 0.37331923890063423, 0.26913319238900635, 0.3364482029598309
0.30532769556025374, 0.37331923890063423, 0.26913319238900635, 0.3364482029598309, 0.34761099365750525
0.37331923890063423, 0.26913319238900635, 0.3364482029598309, 0.34761099365750525, 0.3449048625792812
0.26913319238900635, 0.3364482029598309, 0.34761099365750525, 0.3449048625792812, 0.19640591966173362
0.3364482029598309, 0.34761099365750525, 0.3449048625792812, 0.19640591966173362, 0.17644820295983088
0.34761099365750525, 0.3449048625792812, 0.19640591966173362, 0.17644820295983088, 0.24274841437632136
0.3449048625792812, 0.19640591966173362, 0.17644820295983088, 0.24274841437632136, 0.2434249471458774
0.19640591966173362, 0.17644820295983088, 0.24274841437632136, 0.2434249471458774, 0.2914587737843552
0.17644820295983088, 0.24274841437632136, 0.2434249471458774, 0.2914587737843552, 0.23158562367864696
0.24274841437632136, 0.2434249471458774, 0.2914587737843552, 0.23158562367864696, 0.5279069767441861
0.2434249471458774, 0.2914587737843552, 0.23158562367864696, 0.5279069767441861, 0.20317124735729386
0.2914587737843552, 0.23158562367864696, 0.5279069767441861, 0.20317124735729386, 0.25221987315010574
0.23158562367864696, 0.5279069767441861, 0.20317124735729386, 0.25221987315010574, 0.35505285412262155
0.5279069767441861, 0.20317124735729386, 0.25221987315010574, 0.35505285412262155, 0.32088794926004227
0.20317124735729386, 0.25221987315010574, 0.35505285412262155, 0.32088794926004227, 0.2400422832980973
0.25221987315010574, 0.35505285412262155, 0.32088794926004227, 0.2400422832980973, 0.28401691331923895
0.35505285412262155, 0.32088794926004227, 0.2400422832980973, 0.28401691331923895, 0.2992389006342495
0.32088794926004227, 0.2400422832980973, 0.28401691331923895, 0.2992389006342495, 0.4057928118393235
0.2400422832980973, 0.28401691331923895, 0.2992389006342495, 0.4057928118393235, 0.9
0.28401691331923895, 0.2992389006342495, 0.4057928118393235, 0.9, 0.17137420718816065
0.2992389006342495, 0.4057928118393235, 0.9, 0.17137420718816065, 0.34761099365750525
0.4057928118393235, 0.9, 0.17137420718816065, 0.34761099365750525, 0.2545877378435518
0.9, 0.17137420718816065, 0.34761099365750525, 0.2545877378435518, 0.36892177589852004
0.17137420718816065, 0.34761099365750525, 0.2545877378435518, 0.36892177589852004, 0.5140380549682876
0.34761099365750525, 0.2545877378435518, 0.36892177589852004, 0.5140380549682876, 0.2914587737843552
0.2545877378435518, 0.36892177589852004, 0.5140380549682876, 0.2914587737843552, 0.4223678646934461
0.36892177589852004, 0.5140380549682876, 0.2914587737843552, 0.4223678646934461, 0.4470613107822411
0.5140380549682876, 0.2914587737843552, 0.4223678646934461, 0.4470613107822411, 0.2194080338266385
0.2914587737843552, 0.4223678646934461, 0.4470613107822411, 0.2194080338266385, 0.3242706131078224
0.4223678646934461, 0.4470613107822411, 0.2194080338266385, 0.3242706131078224, 0.31987315010570827
0.4470613107822411, 0.2194080338266385, 0.3242706131078224, 0.31987315010570827, 0.30093023255813955
0.2194080338266385, 0.3242706131078224, 0.31987315010570827, 0.30093023255813955, 0.20553911205073996
0.3242706131078224, 0.31987315010570827, 0.30093023255813955, 0.20553911205073996, 0.2907822410147992
0.31987315010570827, 0.30093023255813955, 0.20553911205073996, 0.2907822410147992, 0.28401691331923895
0.30093023255813955, 0.20553911205073996, 0.2907822410147992, 0.28401691331923895, 0.3621564482029599
0.20553911205073996, 0.2907822410147992, 0.28401691331923895, 0.3621564482029599, 0.39970401691331925
0.2907822410147992, 0.28401691331923895, 0.3621564482029599, 0.39970401691331925, 0.18084566596194504
0.28401691331923895, 0.3621564482029599, 0.39970401691331925, 0.18084566596194504, 0.18591966173361524
0.3621564482029599, 0.39970401691331925, 0.18084566596194504, 0.18591966173361524, 0.285708245243129
0.39970401691331925, 0.18084566596194504, 0.18591966173361524, 0.285708245243129, 0.24613107822410152
0.18084566596194504, 0.18591966173361524, 0.285708245243129, 0.24613107822410152, 0.2539112050739958
0.18591966173361524, 0.285708245243129, 0.24613107822410152, 0.2539112050739958, 0.3716279069767442
0.285708245243129, 0.24613107822410152, 0.2539112050739958, 0.3716279069767442, 0.5005073995771671
0.24613107822410152, 0.2539112050739958, 0.3716279069767442, 0.5005073995771671, 0.30194503171247355
0.2539112050739958, 0.3716279069767442, 0.5005073995771671, 0.30194503171247355, 0.18693446088794927
0.3716279069767442, 0.5005073995771671, 0.30194503171247355, 0.18693446088794927, 0.22549682875264274
0.5005073995771671, 0.30194503171247355, 0.18693446088794927, 0.22549682875264274, 0.2684566596194503
0.30194503171247355, 0.18693446088794927, 0.22549682875264274, 0.2684566596194503, 0.36723044397463
0.18693446088794927, 0.22549682875264274, 0.2684566596194503, 0.36723044397463, 0.25627906976744186
0.22549682875264274, 0.2684566596194503, 0.36723044397463, 0.25627906976744186, 0.41458773784355185
0.2684566596194503, 0.36723044397463, 0.25627906976744186, 0.41458773784355185, 0.22042283298097254
0.36723044397463, 0.25627906976744186, 0.41458773784355185, 0.22042283298097254, 0.1903171247357294
